judul,hyperlink,img_hyperlinks
"Apartemen Bagus Rp 1,195 M , 2br Furnished View Laut di Ruby Tower , Langsung Owner",https://www.rumah123.com//properti/balikpapan/aps3162334/,https://picture.rumah123.com/r123-images/720x420-crop/customer/1219618/2024-01-14-08-39-32-e42c6acc-6643-46e4-b9a6-ec25389edc1c.jpg
Apartemen Podomoro Balikpapan Borneo Bay City Lokasi Strategis di Balikpapan Kota,https://www.rumah123.com//properti/balikpapan/aps3083280/,https://picture.rumah123.com/r123-images/720x420-crop/customer/1912044/2023-11-06-08-49-37-f187ae63-3fab-42a7-8f31-d1e9f76029c8.jpg
"Apartemen Borneo Bay 2 KT, 1 KM ,menghadap Laut Dan Kolam Renang",https://www.rumah123.com//properti/balikpapan/aps3183823/,https://picture.rumah123.com/r123-images/720x420-crop/customer/1333943/2024-01-31-00-05-33-59064db8-8f6c-4b11-9759-7d21cd9e1eaf.jpg
Jual Apartmen Seaview Strategis Pusat Kota Balikpapan,https://www.rumah123.com//properti/balikpapan/aps3168514/,https://picture.rumah123.com/r123-images/720x420-crop/customer/1697391/2024-01-19-03-07-11-a17d2e5f-48ef-43a2-822a-535db1e1ef37.png
Balikpapan Borneo Bay,https://www.rumah123.com//properti/balikpapan/aps3146441/,https://picture.rumah123.com/r123/720x420-crop/apartment/ap31/3146441/original/aps3146441-apartemen-di-jual-di-klandasan-ilir-balikpapan-1703832664.jpg
Balikpapan Borneo Bay (type 2BR),https://www.rumah123.com//properti/balikpapan/aps3146437/,https://picture.rumah123.com/r123/720x420-crop/apartment/ap31/3146437/original/aps3146437-apartemen-di-jual-di-klandasan-ilir-balikpapan-1703832542.jpg
"Apartemen Borneo Bay City Full Furnished, Type 1 BR ",https://www.rumah123.com//properti/balikpapan/aps3146433/,https://picture.rumah123.com/r123/720x420-crop/apartment/ap31/3146433/original/aps3146433-apartemen-di-jual-di-balikpapan-selatan-balikpapan-1703832323.jpg
Borneo Bay ( type 1BR),https://www.rumah123.com//properti/balikpapan/aps3146432/,https://picture.rumah123.com/r123/720x420-crop/apartment/ap31/3146432/original/aps3146432-apartemen-di-jual-di-klandasan-ilir-balikpapan-1703832235.jpg
Borneo Bay Studio,https://www.rumah123.com//properti/balikpapan/aps3146419/,https://picture.rumah123.com/r123/720x420-crop/apartment/ap31/3146419/original/aps3146419-apartemen-di-jual-di-klandasan-ilir-balikpapan-1703831948.jpg
"Apartemen Borneobay 3 Kamar Full Furnished, View Taman,kolam,laut",https://www.rumah123.com//properti/balikpapan/aps3146413/,https://picture.rumah123.com/r123/720x420-crop/apartment/ap31/3146413/original/aps3146413-apartemen-di-jual-di-balikpapan-selatan-balikpapan-1703831615.jpg
Apartemen Balikpapan Borneo bay type studio,https://www.rumah123.com//properti/balikpapan/aps3146409/,https://picture.rumah123.com/r123/720x420-crop/apartment/ap31/3146409/original/aps3146409-apartemen-di-jual-di-balikpapan-selatan-balikpapan-1703831365.jpg
Apartemen Borneo Bay Kertanegara,https://www.rumah123.com//properti/balikpapan/aps3146352/,https://picture.rumah123.com/r123/720x420-crop/apartment/ap31/3146352/original/aps3146352-apartemen-di-jual-di-balikpapan-selatan-balikpapan-1703827296.jpg
APARTEMEN CANTIK SEA VIEW COCOK UNTUK INVESTASI,https://www.rumah123.com//properti/balikpapan/aps3146341/,https://picture.rumah123.com/r123/720x420-crop/apartment/ap31/3146341/original/aps3146341-apartemen-di-jual-di-balikpapan-selatan-balikpapan-1703826637.jpg
APARTEMEN BORNEO BAY TURUN HARGA FULLY FURNISH VIEW KOTA TYPE 2 BR,https://www.rumah123.com//properti/balikpapan/aps3146339/,https://picture.rumah123.com/r123/720x420-crop/apartment/ap31/3146339/original/aps3146339-apartemen-di-jual-di-balikpapan-selatan-balikpapan-1703826627.jpg
MEWAH HARGA TERBAIK,https://www.rumah123.com//properti/balikpapan/aps3146336/,https://picture.rumah123.com/r123/720x420-crop/apartment/ap31/3146336/original/aps3146336-apartemen-di-jual-di-balikpapan-selatan-balikpapan-1703826423.jpg
MURAH APARTEMEN BORNEO BAY BAGUS FULLY FURNISH DI  CEPAT,https://www.rumah123.com//properti/balikpapan/aps3146335/,https://picture.rumah123.com/r123/720x420-crop/apartment/ap31/3146335/original/aps3146335-apartemen-di-jual-di-balikpapan-selatan-balikpapan-1703826419.jpg
The Apartment this is sea view in the city of Balikpapan ,https://www.rumah123.com//properti/balikpapan/aps3146087/,https://picture.rumah123.com/r123/720x420-crop/apartment/ap31/3146087/original/aps3146087-apartemen-di-jual-di-balikpapan-selatan-balikpapan-1703809196.jpg
APARTEMEN BORNEO BAY CITY BALIKPAPAN TIPE 1 BR,https://www.rumah123.com//properti/balikpapan/aps3079731/,https://picture.rumah123.com/r123/720x420-crop/apartment/ap30/3079731/original/aps3079731-apartemen-di-jual-di-balikpapan-tengah-balikpapan-1698994895.jpg
APARTEMEN BORNEO BAY CITY BALIKPAPAN 3 BR,https://www.rumah123.com//properti/balikpapan/aps3079469/,https://picture.rumah123.com/r123/720x420-crop/apartment/ap30/3079469/original/aps3079469-apartemen-di-jual-di-balikpapan-tengah-balikpapan-1698990929.jpg
APARTEMEN BORNEO BAY CITY BALIKPAPAN TYPE 2 BR,https://www.rumah123.com//properti/balikpapan/aps3079442/,https://picture.rumah123.com/r123/720x420-crop/apartment/ap30/3079442/original/aps3079442-apartemen-di-jual-di-balikpapan-tengah-balikpapan-1698990140.jpg
APARTEMEN BORNEO BAY CITY BALIKPAPAN TIPE 1 BR,https://www.rumah123.com//properti/balikpapan/aps3079434/,https://picture.rumah123.com/r123/720x420-crop/apartment/ap30/3079434/original/aps3079434-apartemen-di-jual-di-balikpapan-tengah-balikpapan-1698989613.jpg
APARTEMENT BORNEO BAY CITY BALIKPAPAN TYPE STUDIO,https://www.rumah123.com//properti/balikpapan/aps3079423/,https://picture.rumah123.com/r123/720x420-crop/apartment/ap30/3079423/original/aps3079423-apartemen-di-jual-di-balikpapan-tengah-balikpapan-1698989152.jpg
BORNEO BAY BALIKPAPAN 1 BR,https://www.rumah123.com//properti/balikpapan/aps2997750/,https://picture.rumah123.com/r123/720x420-crop/apartment/ap29/2997750/original/aps2997750-apartemen-di-jual-di-klandasan-ilir-balikpapan-1693528606.jpg
BORNEO BAY KN 2BR,https://www.rumah123.com//properti/balikpapan/aps2997748/,https://picture.rumah123.com/r123/720x420-crop/apartment/ap29/2997748/original/aps2997748-apartemen-di-jual-di-klandasan-ilir-balikpapan-1693528344.jpg
BORNEO BAY AN 2BR,https://www.rumah123.com//properti/balikpapan/aps2997746/,https://picture.rumah123.com/r123/720x420-crop/apartment/ap29/2997746/original/aps2997746-apartemen-di-jual-di-klandasan-ilir-balikpapan-1693528183.jpg
BORNEO BAY MP 3BR,https://www.rumah123.com//properti/balikpapan/aps2997745/,https://picture.rumah123.com/r123/720x420-crop/apartment/ap29/2997745/original/aps2997745-apartemen-di-jual-di-klandasan-ilir-balikpapan-1693527765.jpg
BORNEO BAY TYPE STUDIO,https://www.rumah123.com//properti/balikpapan/aps2997744/,https://picture.rumah123.com/r123/720x420-crop/apartment/ap29/2997744/original/aps2997744-apartemen-di-jual-di-klandasan-ilir-balikpapan-1693527533.jpg
Dijual Sewa Apartemen Lux Full Furnished Aeropolis Balikpapan,https://www.rumah123.com//properti/balikpapan/aps2989829/,https://picture.rumah123.com/r123-images/720x420-crop/customer/553144/2023-08-25-07-05-08-e05084d8-747d-48c0-a43d-481a4b64f8ae.jpg
apartment 3Bed Room tinggal Masuk badan aja,https://www.rumah123.com//properti/balikpapan/aps2989737/,https://picture.rumah123.com/r123-images/720x420-crop/customer/1655652/2023-08-25-05-53-08-0e5fce44-40ff-4fe0-aa33-0f3927f3bc71.jpg
APARTEMENT SECOND LOKASI DEPAN BANDARA SAMS BALIKPAPAN,https://www.rumah123.com//properti/balikpapan/aps2914483/,https://picture.rumah123.com/r123/720x420-crop/apartment/ap29/2914483/original/aps2914483-apartemen-di-jual-di-balikpapan-selatan-balikpapan-1685675098.jpg
Apartemen baru jual murah Borneo Bay,https://www.rumah123.com//properti/balikpapan/aps2778265/,https://picture.rumah123.com/r123-images/720x420-crop/customer/29766/2022-12-09-11-22-58-6d96f082-3325-4ded-af2c-5c55de916f48.jpg
Apartemen baru jual murah Borneo Bay,https://www.rumah123.com//properti/balikpapan/aps2778258/,https://picture.rumah123.com/r123-images/720x420-crop/customer/29766/2022-12-09-11-17-14-104d38a7-505c-416c-928a-5d48db2c29fe.jpg
Apartemen baru lt.19 jual murah Borneo Bay,https://www.rumah123.com//properti/balikpapan/aps2778221/,https://picture.rumah123.com/r123-images/720x420-crop/customer/29766/2022-12-09-10-14-47-4a77303d-61fb-4e7e-acba-e8058b7ebc50.jpg
Apartemen baru jual murah Borneo Bay,https://www.rumah123.com//properti/balikpapan/aps2778212/,https://picture.rumah123.com/r123-images/720x420-crop/customer/29766/2022-12-09-10-08-09-f1831d03-be0f-49ee-bfb2-00ce70fd1831.jpg
Apartemen baru jual muraaah Borneo Bay,https://www.rumah123.com//properti/balikpapan/aps2778202/,https://picture.rumah123.com/r123-images/720x420-crop/customer/29766/2022-12-09-09-58-47-bcfbc75c-ca39-40ca-8996-9ca1b7dacef9.jpg
LUXURY STUDIO APARTMENT BORNEO BAY BALIKPAPAN,https://www.rumah123.com//properti/balikpapan/aps2755001/,https://picture.rumah123.com/r123/720x420-crop/apartment/ap27/2755001/original/aps2755001-apartemen-di-jual-di-klandasan-ilir-balikpapan-1668131501.jpg
APARTEMEN STRATEGIS DI KAWASAN SUDIRMAN,https://www.rumah123.com//properti/balikpapan/aps2749872/,https://picture.rumah123.com/r123/720x420-crop/apartment/ap27/2749872/original/aps2749872-apartemen-di-jual-di-klandasan-ilir-balikpapan-1679986971.jpg
APPARTEMEN BORNEO BAY  BR  1  FULL FURNISH  SIAP HUNI,https://www.rumah123.com//properti/balikpapan/aps2749576/,https://picture.rumah123.com/r123/720x420-crop/apartment/ap27/2749576/original/aps2749576-apartemen-di-jual-di-klandasan-ilir-balikpapan-1667531293.jpg
APPARTEMEN BORNEO BAY  BR 1 FULL FURNISH  SIAP HUNI,https://www.rumah123.com//properti/balikpapan/aps2749574/,https://picture.rumah123.com/r123/720x420-crop/apartment/ap27/2749574/original/aps2749574-apartemen-di-jual-di-klandasan-ilir-balikpapan-1667531258.jpg
APPARTEMEN  ANNEX  BORNEO BAY  BR 2 FULL FURNISH SIAP HUNI,https://www.rumah123.com//properti/balikpapan/aps2749569/,https://picture.rumah123.com/r123/720x420-crop/apartment/ap27/2749569/original/aps2749569-apartemen-di-jual-di-klandasan-ilir-balikpapan-1667531087.jpg
APARTEMEN STRATEGIS DI KAWASAN SUDIRMAN,https://www.rumah123.com//properti/balikpapan/aps2749568/,https://picture.rumah123.com/r123/720x420-crop/apartment/ap27/2749568/original/aps2749568-apartemen-di-jual-di-klandasan-ilir-balikpapan-1679986974.jpg
Apartemen Pentapolis Baru 2 Kamar Tidur Unfurnished,https://www.rumah123.com//properti/balikpapan/aps2677565/,https://picture.rumah123.com/r123-images/720x420-crop/customer/1643432/2022-08-05-23-48-44-230bdc51-05d8-4d40-8f5e-c8fba6b7bc30.jpg
APARTEMEN ELIT,https://www.rumah123.com//properti/balikpapan/aps2607708/,https://picture.rumah123.com/r123/720x420-crop/apartment/ap26/2607708/original/aps2607708-apartemen-di-jual-di-klandasan-ilir-balikpapan-1650004456.jpg
APARTEMEN PENTANCITY RUBY E-WALK,https://www.rumah123.com//properti/balikpapan/aps2607707/,https://picture.rumah123.com/r123/720x420-crop/apartment/ap26/2607707/original/aps2607707-apartemen-di-jual-di-balikpapan-selatan-balikpapan-1650004440.jpg
BORNEO BAY CITY,https://www.rumah123.com//properti/balikpapan/aps2607706/,https://picture.rumah123.com/r123/720x420-crop/apartment/ap26/2607706/original/aps2607706-apartemen-di-jual-di-klandasan-ilir-balikpapan-1650004434.jpg
APARTEMEN BAGUS SEAVIEW DI BSB BALIKPAPAN,https://www.rumah123.com//properti/balikpapan/aps3176793/,https://picture.rumah123.com/r123/720x420-crop/apartment/ap31/3176793/original/aps3176793-apartemen-di-jual-di-balikpapan-selatan-balikpapan-1706163100.jpg
APARTEMEN BAGUS SEAVIEW DI BSB BALIKPAPAN,https://www.rumah123.com//properti/balikpapan/aps3176792/,https://picture.rumah123.com/r123/720x420-crop/apartment/ap31/3176792/original/aps3176792-apartemen-di-jual-di-balikpapan-selatan-balikpapan-1706163098.jpg
Balikpapan borneo bay type studio,https://www.rumah123.com//properti/balikpapan/aps3167605/,https://picture.rumah123.com/r123/720x420-crop/apartment/ap31/3167605/original/aps3167605-apartemen-di-jual-di-klandasan-ilir-balikpapan-1705559936.jpg
Balikpapan borneo bay type 1 BR,https://www.rumah123.com//properti/balikpapan/aps3167604/,https://picture.rumah123.com/r123/720x420-crop/apartment/ap31/3167604/original/aps3167604-apartemen-di-jual-di-klandasan-ilir-balikpapan-1705559934.jpg
Balikpapan borneo bay AN type 2 BR,https://www.rumah123.com//properti/balikpapan/aps3167603/,https://picture.rumah123.com/r123/720x420-crop/apartment/ap31/3167603/original/aps3167603-apartemen-di-jual-di-klandasan-ilir-balikpapan-1705559933.jpg
"BALIKPAPAN BORNEO BAY TYPE STUDIO, VIEW CITY, FULLY FURNISHED",https://www.rumah123.com//properti/balikpapan/aps3167347/,https://picture.rumah123.com/r123/720x420-crop/apartment/ap31/3167347/original/aps3167347-apartemen-di-jual-di-klandasan-ilir-balikpapan-1705551781.jpg
"BALIKPAPAN, HUNIAN NYAMAN DI APARTEMEN BORNEO BAY CITY",https://www.rumah123.com//properti/balikpapan/aps3167259/,https://picture.rumah123.com/r123/720x420-crop/apartment/ap31/3167259/original/aps3167259-apartemen-di-jual-di-balikpapan-tengah-balikpapan-1705549349.jpg
"Balikpapan Borneo Bay MP type 3 BR, Leo 073 Smd.",https://www.rumah123.com//properti/balikpapan/aps3150418/,https://picture.rumah123.com/r123/720x420-crop/apartment/ap31/3150418/original/aps3150418-apartemen-di-jual-di-klandasan-ilir-balikpapan-1704330847.jpg
Balikpapan Borneo Bay MP type 3 BR,https://www.rumah123.com//properti/balikpapan/aps3150413/,https://picture.rumah123.com/r123/720x420-crop/apartment/ap31/3150413/original/aps3150413-apartemen-di-jual-di-klandasan-ilir-balikpapan-1704330360.jpg
Balikpapan Borneo Bay KNtype 2 BR,https://www.rumah123.com//properti/balikpapan/aps3150411/,https://picture.rumah123.com/r123/720x420-crop/apartment/ap31/3150411/original/aps3150411-apartemen-di-jual-di-klandasan-ilir-balikpapan-1704330253.jpg
Dijual Apartemen Mewah Tamansari Skylounge Sepinggan Balikpapan ,https://www.rumah123.com//properti/balikpapan/aps3059030/,https://picture.rumah123.com/r123-images/720x420-crop/customer/1706127/2023-10-19-13-12-59-61a93706-b330-47e0-8082-2c423bf6be52.jpg
Dijual Apartemen Mewah Tamansari Skylounge Sepinggan Balikpapan ,https://www.rumah123.com//properti/balikpapan/aps3059017/,https://picture.rumah123.com/r123-images/720x420-crop/customer/1706127/2023-10-19-12-58-41-1c323014-680a-4876-b497-02f0f970cbc2.jpg
Dijual Apartemen Baru Lux Full Furnished 2 Bed View Kolam,https://www.rumah123.com//properti/balikpapan/aps2996736/,https://picture.rumah123.com/r123-images/720x420-crop/customer/553144/2023-08-31-05-33-17-e811ec5a-5b3b-4cef-b187-6aaa03483056.jpg
LUXURY THREE BEDROOM APARTMENT BORNEO BAY MARTADIPURA TOWER BALIKPAPAN,https://www.rumah123.com//properti/balikpapan/aps2782060/,https://picture.rumah123.com/r123/720x420-crop/apartment/ap27/2782060/original/aps2782060-apartemen-di-jual-di-klandasan-ilir-balikpapan-1671071924.jpg
APPARTEMEN BORNEO BAY FULL FURNISH SIAP HUNI,https://www.rumah123.com//properti/balikpapan/aps2748959/,https://picture.rumah123.com/r123/720x420-crop/apartment/ap27/2748959/original/aps2748959-apartemen-di-jual-di-klandasan-ilir-balikpapan-1667460353.jpg
APARTEMEN BORNEO BAY 2 BEDROOM DENGAN VIEW POOL AND SEA,https://www.rumah123.com//properti/balikpapan/aps3165803/,https://picture.rumah123.com/r123/720x420-crop/apartment/ap31/3165803/original/aps3165803-apartemen-di-jual-di-balikpapan-tengah-balikpapan-1705468020.jpg
APARTEMEN BORNEO BAY CITY BALIKPAPAN LOKASI SUPER STRATEGIS,https://www.rumah123.com//properti/balikpapan/aps3165418/,https://picture.rumah123.com/r123/720x420-crop/apartment/ap31/3165418/original/aps3165418-apartemen-di-jual-di-balikpapan-selatan-balikpapan-1705456754.jpg
Balikpapan Borneo Bay Type 1,https://www.rumah123.com//properti/balikpapan/aps3149914/,https://picture.rumah123.com/r123/720x420-crop/apartment/ap31/3149914/original/aps3149914-apartemen-di-jual-di-klandasan-ilir-balikpapan-1704270302.jpg
Balikpapan Borneo bay Type studio,https://www.rumah123.com//properti/balikpapan/aps3149912/,https://picture.rumah123.com/r123/720x420-crop/apartment/ap31/3149912/original/aps3149912-apartemen-di-jual-di-klandasan-ilir-balikpapan-1704270247.jpg
BALIKPAPAN APART BORNEO BAY TYPE STUDIO (LKO 10),https://www.rumah123.com//properti/balikpapan/aps3149560/,https://picture.rumah123.com/r123-images/720x420-crop/customer/1309567/2024-01-03-04-20-07-27a1694f-f5fe-45c1-b570-2d80bb1366a3.jpg
APPARTEMEN BORNEO BAY FULL FURNISH SIAP HUNI TYPE STUDIO.,https://www.rumah123.com//properti/balikpapan/aps3075853/,https://picture.rumah123.com/r123/720x420-crop/apartment/ap30/3075853/original/aps3075853-apartemen-di-jual-di-klandasan-ilir-balikpapan-1698807167.jpg
APPARTEMEN BORNEO BAY  BR 1 FULL FURNISH  SIAP HUNI,https://www.rumah123.com//properti/balikpapan/aps3075851/,https://picture.rumah123.com/r123/720x420-crop/apartment/ap30/3075851/original/aps3075851-apartemen-di-jual-di-klandasan-ilir-balikpapan-1698807129.jpg
LUXURY STUDIO APARTMENT BORNEO BAY BALIKPAPAN,https://www.rumah123.com//properti/balikpapan/aps3046649/,https://picture.rumah123.com/r123/720x420-crop/apartment/ap30/3046649/original/aps3046649-apartemen-di-jual-di-klandasan-ilir-balikpapan-1696984576.jpg
LUXURY ONE BEDROOM BORNEO BAY APARTMENT BALIKPAPAN,https://www.rumah123.com//properti/balikpapan/aps3046648/,https://picture.rumah123.com/r123/720x420-crop/apartment/ap30/3046648/original/aps3046648-apartemen-di-jual-di-klandasan-ilir-balikpapan-1696984494.jpg
appartement full furnish view sea di borneo bay,https://www.rumah123.com//properti/balikpapan/aps3002532/,https://picture.rumah123.com/r123/720x420-crop/apartment/ap30/3002532/original/aps3002532-apartemen-di-jual-di-klandasan-ilir-balikpapan-1693964228.jpg
Apartemen Borneo bay hadap ke taman dan ditengah kota ,https://www.rumah123.com//properti/balikpapan/aps2995326/,https://picture.rumah123.com/r123-images/720x420-crop/customer/1655652/2023-08-30-06-42-39-cdfde2bc-4004-4c82-8ae1-78982ead697a.jpg
APARTEMENT BORNEO BAY TYPE STUDIO FULL FURNISHED,https://www.rumah123.com//properti/balikpapan/aps2995152/,https://picture.rumah123.com/r123/720x420-crop/apartment/ap29/2995152/original/aps2995152-apartemen-di-jual-di-klandasan-ilir-balikpapan-1696314938.jpg
APARTEMENT BORNEO BAY TYPE 2BR FULL FURNISHED,https://www.rumah123.com//properti/balikpapan/aps2995149/,https://picture.rumah123.com/r123/720x420-crop/apartment/ap29/2995149/original/aps2995149-apartemen-di-jual-di-klandasan-ilir-balikpapan-1693376015.jpg
APARTEMENT BORNEO BAY TYPE BR2 FULL FURNISHED,https://www.rumah123.com//properti/balikpapan/aps2995148/,https://picture.rumah123.com/r123/720x420-crop/apartment/ap29/2995148/original/aps2995148-apartemen-di-jual-di-klandasan-ilir-balikpapan-1696314760.jpg
BALIKPAPAN BORNEO BAY MP TYPE 3 BR,https://www.rumah123.com//properti/balikpapan/aps2894961/,https://picture.rumah123.com/r123/720x420-crop/apartment/ap28/2894961/original/aps2894961-apartemen-di-jual-di-klandasan-ilir-balikpapan-1683686039.jpg
LUXURY ONE BEDROOM BORNEO BAY APARTMENT BALIKPAPAN,https://www.rumah123.com//properti/balikpapan/aps2781451/,https://picture.rumah123.com/r123/720x420-crop/apartment/ap27/2781451/original/aps2781451-apartemen-di-jual-di-klandasan-ilir-balikpapan-1671002140.jpg
LUXURY ONE BEDROOM BORNEO BAY APARTMENT BALIKPAPAN,https://www.rumah123.com//properti/balikpapan/aps2753602/,https://picture.rumah123.com/r123/720x420-crop/apartment/ap27/2753602/original/aps2753602-apartemen-di-jual-di-klandasan-ilir-balikpapan-1667976864.jpg
LUXURY TWO BEDROOM BORNEO BAY APARTMENT BALIKPAPAN,https://www.rumah123.com//properti/balikpapan/aps2753601/,https://picture.rumah123.com/r123/720x420-crop/apartment/ap27/2753601/original/aps2753601-apartemen-di-jual-di-klandasan-ilir-balikpapan-1667976845.jpg
LUXURY THREE BEDROOM APARTMENT BORNEO BAY MARTADIPURA TOWER BALIKPAPAN,https://www.rumah123.com//properti/balikpapan/aps2753598/,https://picture.rumah123.com/r123/720x420-crop/apartment/ap27/2753598/original/aps2753598-apartemen-di-jual-di-klandasan-ilir-balikpapan-1667976825.jpg
APARTEMEN STRATEGIS DI KAWASAN PUSAT KOTA SUDIRMAN,https://www.rumah123.com//properti/balikpapan/aps2747561/,https://picture.rumah123.com/r123/720x420-crop/apartment/ap27/2747561/original/aps2747561-apartemen-di-jual-di-klandasan-ilir-balikpapan-1679986976.jpg
APARTEMEN BORNEO BAY CITY BALIKPAPAN LOKASI SUPER STRATEGIS,https://www.rumah123.com//properti/balikpapan/aps3162835/,https://picture.rumah123.com/r123/720x420-crop/apartment/ap31/3162835/original/aps3162835-apartemen-di-jual-di-balikpapan-selatan-balikpapan-1705290885.jpg
BORNEO BAY CITY KARTANEGARA,https://www.rumah123.com//properti/balikpapan/aps3162582/,https://picture.rumah123.com/r123/720x420-crop/apartment/ap31/3162582/original/aps3162582-apartemen-di-jual-di-klandasan-ilir-balikpapan-1705278873.jpg
Balikpapan Borneo Bay,https://www.rumah123.com//properti/balikpapan/aps3162581/,https://picture.rumah123.com/r123/720x420-crop/apartment/ap31/3162581/original/aps3162581-apartemen-di-jual-di-klandasan-ilir-balikpapan-1705278560.jpg
APARTEMEN MURAH BUTUH TER CEPAT,https://www.rumah123.com//properti/balikpapan/aps3162580/,https://picture.rumah123.com/r123/720x420-crop/apartment/ap31/3162580/original/aps3162580-apartemen-di-jual-di-balikpapan-selatan-balikpapan-1705278434.jpg
Apartemen Borneo Bay,https://www.rumah123.com//properti/balikpapan/aps3162579/,https://picture.rumah123.com/r123/720x420-crop/apartment/ap31/3162579/original/aps3162579-apartemen-di-jual-di-klandasan-ilir-balikpapan-1705277676.jpg
BALIKPAPAN BORNEO BAY MP TYPE 3 BR (LKO 13),https://www.rumah123.com//properti/balikpapan/aps3155194/,https://picture.rumah123.com/r123/720x420-crop/apartment/ap31/3155194/original/aps3155194-apartemen-di-jual-di-balikpapan-barat-balikpapan-1704701755.jpg
BALIKPAPAN BORNEO BAY KN TYPE 2 BR (LKO 12),https://www.rumah123.com//properti/balikpapan/aps3155193/,https://picture.rumah123.com/r123/720x420-crop/apartment/ap31/3155193/original/aps3155193-apartemen-di-jual-di-balikpapan-barat-balikpapan-1704701754.jpg
BALIKPAPAN APART. TENGAH KOTA DENGAN FASILITAS TERLENGKAP  BORNEO BAY 1BR (LJ02),https://www.rumah123.com//properti/balikpapan/aps3155182/,https://picture.rumah123.com/r123/720x420-crop/apartment/ap31/3155182/original/aps3155182-apartemen-di-jual-di-klandasan-ilir-balikpapan-1704701609.jpg
BALIKPAPAN APART TENGAH KOTA DENGAN FASILITAS TERLENGKAP BORNEO BAY TYPE STUDIO (LJ 01),https://www.rumah123.com//properti/balikpapan/aps3155183/,https://picture.rumah123.com/r123/720x420-crop/apartment/ap31/3155183/original/aps3155183-apartemen-di-jual-di-klandasan-ilir-balikpapan-1704701609.jpg
BALIKPAPAN APART BORNEO BAY 1 BR (LK0 11),https://www.rumah123.com//properti/balikpapan/aps3155178/,https://picture.rumah123.com/r123/720x420-crop/apartment/ap31/3155178/original/aps3155178-apartemen-di-jual-di-klandasan-ilir-balikpapan-1704701609.jpg
Dijual Apartement Borneo Bay 2 BR View Laut,https://www.rumah123.com//properti/balikpapan/aps3136941/,https://picture.rumah123.com/r123-images/720x420-crop/customer/1928965/2023-12-18-09-30-13-e1a03273-dc7e-49cd-bb7d-03bb637fdd0e.jpg
BALIKPAPAN BORNEO BAY 1 TYPE BR,https://www.rumah123.com//properti/balikpapan/aps3111394/,https://picture.rumah123.com/r123/720x420-crop/apartment/ap31/3111394/original/aps3111394-apartemen-di-jual-di-klandasan-ilir-balikpapan-1701043763.jpg
APARTEMENT BORNEO BAY CITY BALIKPAPAN TYPE STUDIO,https://www.rumah123.com//properti/balikpapan/aps3083277/,https://picture.rumah123.com/r123/720x420-crop/apartment/ap30/3083277/original/aps3083277-apartemen-di-jual-di-balikpapan-tengah-balikpapan-1699260505.jpg
APARTEMEN BORNEO BAY CITY BALIKPAPAN TIPE 1 BR,https://www.rumah123.com//properti/balikpapan/aps3082915/,https://picture.rumah123.com/r123/720x420-crop/apartment/ap30/3082915/original/aps3082915-apartemen-di-jual-di-balikpapan-tengah-balikpapan-1699249550.jpg
APARTEMEN BORNEO BAY CITY BALIKPAPAN TYPE 2 BR,https://www.rumah123.com//properti/balikpapan/aps3082911/,https://picture.rumah123.com/r123/720x420-crop/apartment/ap30/3082911/original/aps3082911-apartemen-di-jual-di-balikpapan-tengah-balikpapan-1699249478.jpg
APARTEMEN BORNEO BAY CITY BALIKPAPAN 3 BR,https://www.rumah123.com//properti/balikpapan/aps3082909/,https://picture.rumah123.com/r123/720x420-crop/apartment/ap30/3082909/original/aps3082909-apartemen-di-jual-di-balikpapan-tengah-balikpapan-1699249432.jpg
APARTEMEN PENTAPOLIS,https://www.rumah123.com//properti/balikpapan/aps3044695/,https://picture.rumah123.com/r123/720x420-crop/apartment/ap30/3044695/original/aps3044695-apartemen-di-jual-di-balikpapan-selatan-balikpapan-1696837840.jpg
APPARTEMEN  BORNEO BAY  BR 2 FULL FURNISH SIAP HUNI,https://www.rumah123.com//properti/balikpapan/aps3036456/,https://picture.rumah123.com/r123/720x420-crop/apartment/ap30/3036456/original/aps3036456-apartemen-di-jual-di-klandasan-ilir-balikpapan-1696236541.jpg
APPARTEMEN BORNEO BAY  BR  1  FULL FURNISH  SIAP HUNI,https://www.rumah123.com//properti/balikpapan/aps3036443/,https://picture.rumah123.com/r123/720x420-crop/apartment/ap30/3036443/original/aps3036443-apartemen-di-jual-di-klandasan-ilir-balikpapan-1696236344.jpg
Apartement RUBY BSB BALIKPAPAN 2 BR Furnished Bagus,https://www.rumah123.com//properti/balikpapan/aps3017185/,https://picture.rumah123.com/r123-images/720x420-crop/customer/71070/2023-09-18-07-52-10-e776a08a-f46b-48d6-b90d-20ecae73b837.jpg
BALIKPAPAN APARTEMEN BORNEO BAY,https://www.rumah123.com//properti/balikpapan/aps2992360/,https://picture.rumah123.com/r123/720x420-crop/apartment/ap29/2992360/original/aps2992360-apartemen-di-jual-di-klandasan-ilir-balikpapan-1693206405.jpg
BALIKPAPAN APARTEMEN BORNEO BAY,https://www.rumah123.com//properti/balikpapan/aps2992352/,https://picture.rumah123.com/r123/720x420-crop/apartment/ap29/2992352/original/aps2992352-apartemen-di-jual-di-klandasan-ilir-balikpapan-1693206266.jpg
BALIKPAPAN APARTEMEN BORNEO BAY,https://www.rumah123.com//properti/balikpapan/aps2992348/,https://picture.rumah123.com/r123/720x420-crop/apartment/ap29/2992348/original/aps2992348-apartemen-di-jual-di-klandasan-ilir-balikpapan-1693206220.jpg
APARTMENT RUBY TOWER BALIKPAPAN,https://www.rumah123.com//properti/balikpapan/aps2935301/,https://picture.rumah123.com/r123-images/720x420-crop/customer/1746082/2023-09-18-08-57-19-53015bb6-56b9-4d0c-afe3-d9679c5cac23.jpg
APARTEMEN BORNEO BAY2 BEDROOM,https://www.rumah123.com//properti/balikpapan/aps2903921/,https://picture.rumah123.com/r123/720x420-crop/apartment/ap29/2903921/original/aps2903921-apartemen-di-jual-di-klandasan-ilir-balikpapan-1684720757.jpg
Apartement bagus hadap kelaut dan ditengah kota Balikpapan ,https://www.rumah123.com//properti/balikpapan/aps2869151/,https://picture.rumah123.com/r123-images/720x420-crop/customer/1655652/2023-04-03-02-43-49-13ae21a0-a321-4f44-9f17-331c176b255c.jpg
DIJUAL APARTEMEN BORNEO BAY BALIKPAPAN TIPE STUDIO,https://www.rumah123.com//properti/balikpapan/aps2875488/,https://picture.rumah123.com/r123/720x420-crop/apartment/ap28/2875488/original/aps2875488-apartemen-di-jual-di-klandasan-ilir-balikpapan-1681118276.jpg
DIJUAL APARTEMEN BORNEO BAY BALIKPAPAN TYPE 1 BR,https://www.rumah123.com//properti/balikpapan/aps2875486/,https://picture.rumah123.com/r123/720x420-crop/apartment/ap28/2875486/original/aps2875486-apartemen-di-jual-di-klandasan-ilir-balikpapan-1681118246.jpg
DIJUAL APARTEMEN BORNEO BAY BALIKPAPAN AN TYPE 2 BR,https://www.rumah123.com//properti/balikpapan/aps2875482/,https://picture.rumah123.com/r123/720x420-crop/apartment/ap28/2875482/original/aps2875482-apartemen-di-jual-di-klandasan-ilir-balikpapan-1681118172.jpg
DIJUAL APARTEMEN BORNEO BAY BALIKPAPAN KN TYPE 2 BR,https://www.rumah123.com//properti/balikpapan/aps2875480/,https://picture.rumah123.com/r123/720x420-crop/apartment/ap28/2875480/original/aps2875480-apartemen-di-jual-di-klandasan-ilir-balikpapan-1681118135.jpg
VIEW KOTA DAN LAUT PRIMERY,https://www.rumah123.com//properti/balikpapan/aps2809307/,https://picture.rumah123.com/r123/720x420-crop/apartment/ap28/2809307/original/aps2809307-apartemen-di-jual-di-klandasan-ilir-balikpapan-1703832821.jpg
Apartemen Siap Huni Full Furnished,https://www.rumah123.com//properti/balikpapan/aps2809036/,https://picture.rumah123.com/r123-images/720x420-crop/customer/1355633/2023-01-23-05-44-50-6d65e714-b28a-477a-a0e7-0ea505c87bac.png
BALIKPAPAN BORNEO BAY KN TYPE STUDIO,https://www.rumah123.com//properti/balikpapan/aps2784944/,https://picture.rumah123.com/r123/720x420-crop/apartment/ap27/2784944/original/aps2784944-apartemen-di-jual-di-klandasan-ilir-balikpapan-1671430742.jpg
167 Balikpapan Apartemen Borneo Bay Studio Harga Murah Dibawah Pasaran Furnished Lokasi Tengah Kota,https://www.rumah123.com//properti/balikpapan/aps2751967/,https://picture.rumah123.com/r123-images/720x420-crop/customer/1737807/2024-01-07-06-43-07-f5c68478-97d9-4d4f-91cb-0d703d86bde1.jpg
BALIKPAPAN APARTEMEN BORNEO BAY TYPE 1 BR (LM167-AP1BR),https://www.rumah123.com//properti/balikpapan/aps2751965/,https://picture.rumah123.com/r123/720x420-crop/apartment/ap27/2751965/original/aps2751965-apartemen-di-jual-di-klandasan-ilir-balikpapan-1681793711.jpg
167 Balikpapan Apartemen Borneo Bay 2br Harga Murah Dibawah Harga Pasaran,https://www.rumah123.com//properti/balikpapan/aps2751963/,https://picture.rumah123.com/r123-images/720x420-crop/customer/1737807/2024-01-07-06-59-47-843f71b7-019b-4709-81b3-45f99cddf42f.jpg
167 Balikpapan Apartemen Borneo Bay 2 BR Annex Lokasi Tengah Kota,https://www.rumah123.com//properti/balikpapan/aps2751959/,https://picture.rumah123.com/r123-images/720x420-crop/customer/1737807/2024-01-07-06-09-27-c91f8fa3-3603-4b05-9ead-f98df6c23e9d.jpg
"APARTMENT DEKAT LAUT, KOLAM RENANG DAN PUSAT PEMBELANJAAN",https://www.rumah123.com//properti/balikpapan/aps2710458/,https://picture.rumah123.com/r123/720x420-crop/apartment/ap27/2710458/original/aps2710458-apartemen-di-jual-di-balikpapan-selatan-balikpapan-1663575843.jpg
APARTEMEN BARU JUAL CEPAT,https://www.rumah123.com//properti/balikpapan/aps2504951/,https://picture.rumah123.com/r123/720x420-crop/apartment/ap25/2504951/original/aps2504951-apartemen-di-jual-di-balikpapan-selatan-di-balikpapan-16339212326785.jpg
APARTEMEN BARU SIAP HUNI JUAL CEPAT,https://www.rumah123.com//properti/balikpapan/aps2467958/,https://picture.rumah123.com/r123/720x420-crop/apartment/ap24/2467958/original/aps2467958-apartemen-di-jual-di-balikpapan-selatan-balikpapan-16266941596876.jpg
